"date","value"
2006-09-16 16:30:00,18.08
2006-09-23 16:30:00,10.62
2006-09-30 16:30:00,12.27
2006-10-07 16:30:00,42.56
2006-10-21 16:30:00,7.1
2006-10-28 16:30:00,5.7
2006-11-04 14:30:00,5.39
2006-11-11 14:30:00,5.75
2006-11-18 14:30:00,13.06
2006-11-25 14:30:00,6.86
2006-12-02 14:30:00,4.81
2006-12-09 14:30:00,3.6
2006-12-16 14:30:00,5.94
2006-12-23 14:30:00,3.77
2006-12-30 14:30:00,18.41
2007-01-06 14:30:00,17.4
2007-01-13 14:30:00,19.98
2007-01-20 14:30:00,14.15
2007-01-27 14:30:00,14.13
2007-02-03 14:30:00,11.19
2007-02-10 14:30:00,9.15
2007-02-17 14:30:00,11.98
2007-02-24 14:30:00,14.18
2007-03-03 14:30:00,8.34
2007-03-10 14:30:00,14.3
2007-03-17 14:30:00,10.91
2007-03-24 14:30:00,13.01
2007-03-31 16:30:00,11.97
2007-04-07 16:30:00,15.72
2007-04-14 16:30:00,19.28
2007-04-21 16:30:00,12.83
2007-04-28 16:30:00,15.12
2007-05-05 16:30:00,8.21
2007-05-12 16:30:00,9.68
2007-05-19 16:30:00,9.99
2007-05-26 16:30:00,12.93
2007-06-02 16:30:00,14.42
2007-06-09 16:30:00,15.94
2007-06-16 16:30:00,22
2007-06-23 16:30:00,23.47
2007-06-30 16:30:00,23.82
2007-07-07 16:30:00,31.36
2007-07-14 16:30:00,43.29
2007-07-21 16:30:00,32.53
2007-07-28 16:30:00,44.96
2007-08-04 16:30:00,38.17
2007-08-11 16:30:00,43.93
2007-08-18 16:30:00,41.89
2007-08-25 16:30:00,29.11
2007-09-01 16:30:00,22.8
2007-09-08 16:30:00,23.31
2007-09-15 16:30:00,18.15
2007-09-22 16:30:00,15.81
2007-09-29 16:30:00,13.57
2007-10-06 16:30:00,11.59
2007-10-13 16:30:00,13.43
2007-10-20 16:30:00,9
2007-10-27 16:30:00,7.52
2007-11-03 14:30:00,4.04
2007-11-10 14:30:00,8.29
2007-11-17 14:30:00,6.05
2007-11-24 14:30:00,4.91
2007-12-01 14:30:00,5.05
2007-12-08 14:30:00,4.61
2007-12-15 14:30:00,6.15
2007-12-22 14:30:00,5.7
2007-12-29 14:30:00,5.8
2008-01-05 14:30:00,7.72
2008-01-12 14:30:00,5.6
2008-01-19 14:30:00,4.79
2008-01-26 14:30:00,4.34
2008-02-02 14:30:00,2.2
2008-02-09 14:30:00,5.47
2008-02-16 14:30:00,6.57
2008-02-23 14:30:00,5.03
2008-03-01 14:30:00,7.76
2008-03-08 14:30:00,6.19
2008-03-15 14:30:00,8.01
2008-03-22 14:30:00,5.03
2008-03-29 14:30:00,5.69
2008-04-05 15:30:00,8.79
2008-04-12 16:30:00,5.95
2008-04-19 16:30:00,8.17
2008-04-26 16:30:00,5.92
2008-05-03 16:30:00,9.08
2008-05-10 16:30:00,10.86
2008-05-17 16:30:00,10.8
2008-05-24 16:30:00,11.28
2008-05-31 16:30:00,10.61
2008-06-07 16:30:00,10.78
2008-06-14 16:30:00,12.18
2008-06-21 16:30:00,14.76
2008-06-28 16:30:00,8.99
2008-07-05 16:30:00,8.66
2008-07-12 16:30:00,8.94
2008-07-19 16:30:00,10.65
2008-07-26 16:30:00,9.88
2008-08-02 16:30:00,12.09
2008-08-09 16:30:00,10.13
2008-08-16 16:30:00,22.03
2008-08-23 16:30:00,24.07
2008-08-30 16:30:00,27.53
2008-09-06 16:30:00,33.68
2008-09-13 16:30:00,26.18
2008-09-20 16:30:00,22.81
2008-09-27 16:30:00,21.96
2008-10-04 16:30:00,14.05
2008-10-11 15:30:00,10.9
2008-10-18 15:30:00,10.81
2008-10-25 15:30:00,5.77
2008-11-01 14:30:00,6.89
2008-11-08 14:30:00,6.92
2008-11-15 14:30:00,6.09
2008-11-22 14:30:00,4.35
2008-11-29 14:30:00,6.92
2008-12-06 14:30:00,5.65
2008-12-13 14:30:00,4.39
2008-12-20 14:30:00,4.87
2008-12-27 14:30:00,7.97
2009-01-03 14:30:00,7.99
2009-01-10 14:30:00,3.17
2009-01-17 14:30:00,2.12
2009-01-24 14:30:00,2.71
2009-01-31 14:30:00,2.8
2009-02-07 14:30:00,2.83
2009-02-14 14:30:00,3.76
2009-02-21 14:30:00,4.17
2009-02-28 14:30:00,4.56
2009-03-07 14:30:00,5.55
2009-03-14 14:30:00,4.95
2009-03-21 14:30:00,6.38
2009-03-28 14:30:00,5.06
2009-04-04 15:30:00,6.48
2009-04-11 16:30:00,8.02
2009-04-18 16:30:00,5.59
2009-04-25 16:30:00,4.17
2009-05-02 16:30:00,9.39
2009-05-09 16:30:00,10.23
2009-05-16 16:30:00,8.36
2009-05-23 16:30:00,9.87
2009-05-30 16:30:00,15.29
2009-06-06 16:30:00,14.54
2009-06-13 16:30:00,16.42
2009-06-20 16:30:00,17.87
2009-06-27 16:30:00,21.98
2009-07-04 16:30:00,25.68
2009-07-11 16:30:00,38.94
2009-07-18 16:30:00,43.86
2009-07-25 16:30:00,36.13
2009-08-01 16:30:00,44.57
2009-08-08 16:30:00,45.65
2009-08-15 16:30:00,43.33
2009-08-22 16:30:00,23.29
2009-08-29 16:30:00,19.36
2009-09-05 16:30:00,17.15
2009-09-12 16:30:00,14.68
2009-09-19 16:30:00,11.34
2009-09-26 16:30:00,9.46
2009-10-03 16:30:00,9.86
2009-10-10 15:30:00,7.52
2009-10-17 15:30:00,7.99
2009-10-24 15:30:00,5.86
2009-10-31 14:30:00,7.28
2009-11-07 14:30:00,6.33
2009-11-14 14:30:00,5.64
2009-11-21 14:30:00,5.29
2009-11-28 14:30:00,4.35
2009-12-05 14:30:00,5.1
2009-12-12 14:30:00,4.18
2009-12-19 14:30:00,3.8
2009-12-26 14:30:00,1.92
2010-01-02 14:30:00,2.91
2010-01-09 14:30:00,2.03
2010-01-16 14:30:00,1.24
2010-01-23 14:30:00,3.92
2010-01-30 14:30:00,3.19
2010-02-06 14:30:00,3.76
2010-02-13 14:30:00,3.75
2010-02-20 14:30:00,4.52
2010-02-27 14:30:00,5.07
2010-03-06 14:30:00,5.72
2010-03-13 14:30:00,6.37
2010-03-20 14:30:00,5.55
2010-03-27 14:30:00,5
2010-04-03 15:30:00,5.02
2010-04-10 16:30:00,2.33
2010-04-17 16:30:00,4.33
2010-04-24 16:30:00,4.88
2010-05-01 16:30:00,5.73
2010-05-08 16:30:00,5.77
2010-05-15 16:30:00,6.69
2010-05-22 16:30:00,7.63
2010-05-29 16:30:00,6.6
2010-06-05 16:30:00,8.47
2010-06-12 16:30:00,9.58
2010-06-19 16:30:00,7.13
2010-06-26 16:30:00,8.36
2010-07-03 16:30:00,10.39
2010-07-10 16:30:00,9.58
2010-07-17 16:30:00,10.56
2010-07-24 16:30:00,11.07
2010-07-31 16:30:00,9.97
2010-08-07 16:30:00,10.81
2010-08-14 16:30:00,9.8
2010-08-21 16:30:00,13.7
2010-08-28 16:30:00,16.81
2010-09-04 16:30:00,15.29
2010-09-11 16:30:00,17.57
2010-09-18 16:30:00,13.93
2010-09-25 16:30:00,16.98
2010-10-02 16:30:00,13.67
2010-10-09 15:30:00,11.25
2010-10-16 15:30:00,9.83
2010-10-23 15:30:00,9.1
2010-10-30 15:30:00,7.28
2010-11-06 14:30:00,9.64
2010-11-13 14:30:00,8.34
2010-11-20 14:30:00,7.09
2010-11-27 14:30:00,6.18
2010-12-04 14:30:00,5.78
2010-12-11 14:30:00,4.52
2010-12-18 14:30:00,6.03
2010-12-25 14:30:00,5.95
2011-01-01 14:30:00,4.88
2011-01-08 14:30:00,2.25
2011-01-15 14:30:00,3.83
2011-01-22 14:30:00,4.37
2011-01-29 14:30:00,3.48
2011-02-05 14:30:00,4.21
2011-02-12 14:30:00,3.82
2011-02-19 14:30:00,4.44
2011-02-26 14:30:00,4.65
2011-03-05 14:30:00,4.91
2011-03-12 14:30:00,4.23
2011-03-19 14:30:00,4.1
2011-03-26 14:30:00,5.02
2011-04-02 15:30:00,3.73
2011-04-09 16:30:00,6.18
2011-04-16 16:30:00,5.03
2011-04-23 16:30:00,5.67
2011-04-30 16:30:00,4.51
2011-05-07 16:30:00,3.22
2011-05-14 16:30:00,4.17
2011-05-21 16:30:00,4.69
2011-05-28 16:30:00,5.51
2011-06-04 16:30:00,7.12
2011-06-11 16:30:00,8.84
2011-06-18 16:30:00,12.02
2011-06-25 16:30:00,8.91
2011-07-02 16:30:00,13.99
2011-07-09 16:30:00,9.15
2011-07-16 16:30:00,16.49
2011-07-23 16:30:00,17.45
2011-07-30 16:30:00,15.65
2011-08-06 16:30:00,18.46
2011-08-13 16:30:00,18.92
2011-08-20 16:30:00,16.29
2011-08-27 16:30:00,15.17
2011-09-03 16:30:00,15.83
2011-09-10 16:30:00,12.75
2011-09-17 16:30:00,14.68
2011-09-24 16:30:00,15.69
2011-10-01 16:30:00,11.22
2011-10-08 15:30:00,8.92
2011-10-15 15:30:00,7.77
2011-10-22 15:30:00,6.54
2011-10-29 15:30:00,4.98
2011-11-05 14:30:00,6.39
2011-11-12 14:30:00,6.22
2011-11-19 14:30:00,5.46
2011-11-26 14:30:00,6.01
2011-12-03 14:30:00,5.45
2011-12-10 14:30:00,5.99
2011-12-17 14:30:00,3.64
2011-12-24 14:30:00,4.22
2011-12-31 14:30:00,5.14
2012-01-07 14:30:00,4.24
2012-01-14 14:30:00,3.58
2012-01-21 14:30:00,4.72
2012-01-28 14:30:00,4.3
2012-02-04 14:30:00,4.5
2012-02-11 14:30:00,2.42
2012-02-18 14:30:00,4.21
2012-02-25 14:30:00,2.35
2012-03-03 14:30:00,1.81
2012-03-10 14:30:00,5.8
2012-03-17 14:30:00,4.64
2012-03-24 14:30:00,5.41
2012-03-31 15:30:00,6.29
2012-04-07 16:30:00,5.22
2012-04-14 16:30:00,6.05
2012-04-21 16:30:00,4.11
2012-04-28 16:30:00,2.62
2012-05-05 16:30:00,3.37
2012-05-12 16:30:00,4.84
2012-05-19 16:30:00,6.9
2012-05-26 16:30:00,7.54
2012-06-02 16:30:00,10.18
2012-06-09 16:30:00,11.41
2012-06-16 16:30:00,7.94
2012-06-23 16:30:00,10.8
2012-06-30 16:30:00,14.98
2012-07-07 16:30:00,16
2012-07-14 16:30:00,18.25
2012-07-21 16:30:00,17.42
2012-07-28 16:30:00,19.05
2012-08-04 16:30:00,17.61
2012-08-11 16:30:00,15.96
2012-08-18 16:30:00,14.75
2012-08-25 16:30:00,13.24
2012-09-01 16:30:00,9.14
2012-09-08 16:30:00,7.33
2012-09-15 16:30:00,7.53
2012-09-22 16:30:00,5.87
2012-09-29 16:30:00,3.93
2012-10-06 16:30:00,3.61
2012-10-13 15:30:00,1.94
2012-10-20 15:30:00,1.82
2012-10-27 15:30:00,2.96
2012-11-03 14:30:00,2.64
2012-11-10 14:30:00,2.24
2012-11-17 14:30:00,2.45
2012-11-24 14:30:00,3.06
2012-12-01 14:30:00,2.68
2012-12-08 14:30:00,2.32
2012-12-15 14:30:00,2.05
2012-12-22 14:30:00,2.57
2012-12-29 14:30:00,2.56
2013-01-05 14:30:00,2.48
2013-01-12 14:30:00,2.31
2013-01-19 14:30:00,2.74
2013-01-26 14:30:00,2.42
2013-02-02 14:30:00,3.04
2013-02-09 14:30:00,2.57
2013-02-16 14:30:00,2.5
2013-02-23 14:30:00,2.88
2013-03-02 14:30:00,3.24
2013-03-09 14:30:00,3.06
2013-03-16 14:30:00,3.12
2013-03-23 14:30:00,3.48
2013-03-30 14:30:00,3.49
2013-04-06 15:30:00,4.24
2013-04-13 16:30:00,3.17
2013-04-20 16:30:00,3.45
2013-04-27 16:30:00,1.65
2013-05-04 16:30:00,2
2013-05-11 16:30:00,2.45
2013-05-18 16:30:00,2.68
2013-05-25 16:30:00,3.24
2013-06-01 16:30:00,3.11
2013-06-08 16:30:00,5.88
2013-06-15 16:30:00,5.14
2013-06-22 16:30:00,5.67
2013-06-29 16:30:00,6.54
2013-07-06 16:30:00,5.68
2013-07-13 16:30:00,7.8
2013-07-20 16:30:00,7.91
2013-07-27 16:30:00,7.49
2013-08-03 16:30:00,9.5
2013-08-10 16:30:00,7.58
2013-08-17 16:30:00,10.91
2013-08-24 16:30:00,9.84
2013-08-31 16:30:00,9.18
2013-09-07 16:30:00,11.02
2013-09-14 16:30:00,11.1
2013-09-21 16:30:00,11.95
2013-09-28 16:30:00,10.74
2013-10-05 16:30:00,9.14
2013-10-12 15:30:00,5.65
2013-10-19 15:30:00,2.03
2013-10-26 15:30:00,3.46
2013-11-02 14:30:00,7.02
2013-11-09 14:30:00,4.58
2013-11-16 14:30:00,5.67
2013-11-23 14:30:00,3.65
2013-11-30 14:30:00,5.56
2013-12-07 14:30:00,5.93
2013-12-14 14:30:00,1.71
2013-12-21 14:30:00,1.32
2013-12-28 14:30:00,4.53
2014-01-04 14:30:00,4.75
2014-01-11 14:30:00,4.54
2014-01-18 14:30:00,3.55
2014-01-25 14:30:00,4.58
2014-02-01 14:30:00,3.23
2014-02-08 14:30:00,2.91
2014-02-15 14:30:00,4.86
2014-02-22 14:30:00,4.39
2014-03-01 14:30:00,4.71
2014-03-08 14:30:00,6.56
2014-03-15 14:30:00,6.37
2014-03-22 14:30:00,5.27
2014-03-29 14:30:00,6.38
2014-04-05 15:30:00,7.06
2014-04-12 16:30:00,4.77
2014-04-19 16:30:00,6.36
2014-04-26 16:30:00,6.24
2014-05-03 16:30:00,6.62
2014-05-10 16:30:00,6.55
2014-05-17 16:30:00,4.5
2014-05-24 16:30:00,3.92
2014-05-31 16:30:00,4.97
2014-06-07 16:30:00,5.04
2014-06-14 16:30:00,8.05
2014-06-21 16:30:00,8.3
2014-06-28 16:30:00,8.26
2014-07-05 16:30:00,8.98
2014-07-12 16:30:00,9.52
2014-07-19 16:30:00,8.78
2014-07-26 16:30:00,10.66
2014-08-02 16:30:00,13.98
2014-08-09 16:30:00,15.59
2014-08-16 16:30:00,17.49
2014-08-23 16:30:00,19.17
2014-08-30 16:30:00,19.07
2014-09-06 16:30:00,16.07
2014-09-13 16:30:00,16.02
2014-09-20 16:30:00,12.94
2014-09-27 16:30:00,9.47
2014-10-04 16:30:00,8.99
2014-10-11 15:30:00,6.36
2014-10-18 15:30:00,6.21
2014-10-25 15:30:00,2.31
2014-11-01 14:30:00,5.78
2014-11-08 14:30:00,5.44
2014-11-15 14:30:00,5.3
2014-11-22 14:30:00,5.4
2014-11-29 14:30:00,3.99
2014-12-06 14:30:00,3.08
2014-12-13 14:30:00,3.17
2014-12-20 14:30:00,3.5
2014-12-27 14:30:00,3.49
2015-01-03 14:30:00,4.25
2015-01-10 14:30:00,1.24
2015-01-17 14:30:00,3.27
2015-01-24 14:30:00,1.25
2015-01-31 14:30:00,0.65
2015-02-07 14:30:00,0.46
2015-02-14 14:30:00,0.77
2015-02-21 14:30:00,1
2015-02-28 14:30:00,1.02
2015-03-07 14:30:00,2.05
2015-03-14 14:30:00,1.97
2015-03-21 14:30:00,1.81
2015-03-28 14:30:00,2.13
2015-04-04 15:30:00,2.73
2015-04-11 16:30:00,2.02
2015-04-18 16:30:00,2.7
2015-04-25 16:30:00,2.62
2015-05-02 16:30:00,3.13
2015-05-09 16:30:00,4.81
2015-05-16 16:30:00,4.54
2015-05-23 16:30:00,5.3
2015-05-30 16:30:00,5.38
2015-06-06 16:30:00,6.41
2015-06-13 16:30:00,7.02
2015-06-20 16:30:00,7.19
2015-06-27 16:30:00,8.73
2015-07-04 16:30:00,9.78
2015-07-11 16:30:00,10.72
2015-07-18 16:30:00,11.87
2015-07-25 16:30:00,11.56
2015-08-01 16:30:00,13.82
2015-08-08 16:30:00,14.9
2015-08-15 16:30:00,16.91
2015-08-22 16:30:00,21.21
2015-08-29 16:30:00,17.25
2015-09-05 16:30:00,16.06
2015-09-12 16:30:00,14.01
2015-09-19 16:30:00,11.51
2015-09-26 16:30:00,10.16
2015-10-03 16:30:00,7.55
2015-10-10 15:30:00,4.58
2015-10-17 15:30:00,4.38
2015-10-24 15:30:00,2.75
2015-10-31 14:30:00,2.83
2015-11-07 14:30:00,2.67
2015-11-14 14:30:00,2.13
2015-11-21 14:30:00,1.58
2015-11-28 14:30:00,2.1
2015-12-05 14:30:00,1.63
2015-12-12 14:30:00,1.39
2015-12-19 14:30:00,0.8
2015-12-26 14:30:00,0.86
2016-01-02 14:30:00,1.52
2016-01-09 14:30:00,1.12
2016-01-16 14:30:00,1.65
2016-01-23 14:30:00,0.98
2016-01-30 14:30:00,0.89
2016-02-06 14:30:00,0.74
2016-02-13 14:30:00,1.08
2016-02-20 14:30:00,1.59
2016-02-27 14:30:00,1.65
2016-03-05 14:30:00,2.04
2016-03-12 14:30:00,1.71
2016-03-19 14:30:00,1.43
2016-03-26 14:30:00,1.84
2016-04-02 15:30:00,2.98
2016-04-09 16:30:00,3.63
2016-04-16 16:30:00,2.97
2016-04-23 16:30:00,2.9
2016-04-30 16:30:00,3.47
2016-05-07 16:30:00,3.47
2016-05-14 16:30:00,2.95
2016-05-21 16:30:00,5.07
2016-05-28 16:30:00,4.76
2016-06-04 16:30:00,6.27
2016-06-11 16:30:00,5.2
2016-06-18 16:30:00,6.32
2016-06-25 16:30:00,6.02
2016-07-02 16:30:00,5.92
2016-07-09 16:30:00,7.09
2016-07-16 16:30:00,7.63
2016-07-23 16:30:00,8.85
2016-07-30 16:30:00,9.87
2016-08-06 16:30:00,11.15
2016-08-13 16:30:00,13.75
2016-08-20 16:30:00,16.73
2016-08-27 16:30:00,13.46
2016-09-03 16:30:00,12.62
2016-09-10 16:30:00,13.31
2016-09-17 16:30:00,13.38
2016-09-24 16:30:00,9.67
2016-10-01 16:30:00,8.03
2016-10-08 15:30:00,5.83
2016-10-15 15:30:00,5.23
2016-10-22 15:30:00,3.89
2016-10-29 15:30:00,2.93
2016-11-05 14:30:00,3.11
2016-11-12 14:30:00,2.74
2016-11-19 14:30:00,3.01
2016-11-26 14:30:00,1.72
2016-12-03 14:30:00,2.28
2016-12-10 14:30:00,2.14
2016-12-17 14:30:00,2.43
2016-12-24 14:30:00,1.3
2016-12-31 14:30:00,2.36
2017-01-07 14:30:00,1.81
2017-01-14 14:30:00,1.97
2017-01-21 14:30:00,1.73
2017-01-28 14:30:00,2.35
2017-02-04 14:30:00,1.28
2017-02-11 14:30:00,1.13
2017-02-18 14:30:00,2.19
2017-02-25 14:30:00,2.18
2017-03-04 14:30:00,3.19
2017-03-11 14:30:00,2.81
2017-03-18 14:30:00,2.49
2017-03-25 14:30:00,2.96
2017-04-01 15:30:00,3.89
2017-04-08 16:30:00,3.05
2017-04-15 16:30:00,3.29
2017-04-22 16:30:00,3.18
2017-04-29 16:30:00,3.24
2017-05-06 16:30:00,3.07
2017-05-13 16:30:00,3.12
2017-05-20 16:30:00,3.23
2017-05-27 16:30:00,3.34
2017-06-03 16:30:00,3.89
2017-06-10 16:30:00,5.35
2017-06-17 16:30:00,4.51
2017-06-24 16:30:00,4.48
2017-07-01 16:30:00,6.48
2017-07-08 16:30:00,9.46
2017-07-15 16:30:00,9.01
2017-07-22 16:30:00,10.85
2017-07-29 16:30:00,13.07
2017-08-05 16:30:00,21
2017-08-12 16:30:00,23.91
2017-08-19 16:30:00,25.55
2017-08-26 16:30:00,24.93
2017-09-02 16:30:00,20.91
2017-09-09 16:30:00,22.09
2017-09-16 16:30:00,18.49
2017-09-23 16:30:00,16.88
2017-09-30 16:30:00,14.52
2017-10-07 15:30:00,9.92
2017-10-14 15:30:00,7.68
2017-10-21 15:30:00,5.98
2017-10-28 15:30:00,4.28
2017-11-04 14:30:00,3.95
2017-11-11 14:30:00,3.63
2017-11-18 14:30:00,2.18
2017-11-25 14:30:00,3.05
2017-12-02 14:30:00,1.99
2017-12-09 14:30:00,1.41
2017-12-16 14:30:00,1.69
2017-12-23 14:30:00,2.13
2017-12-30 14:30:00,2.1
2018-01-06 14:30:00,1.13
2018-01-13 14:30:00,1.57
2018-01-20 14:30:00,0.74
2018-01-27 14:30:00,2.18
2018-02-03 14:30:00,0.87
2018-02-10 14:30:00,1.56
2018-02-17 14:30:00,2.15
2018-02-24 14:30:00,1.96
2018-03-03 14:30:00,1.76
2018-03-10 14:30:00,2.55
2018-03-17 14:30:00,1.49
2018-03-24 14:30:00,2.37
2018-03-31 15:30:00,2.81
2018-04-07 16:30:00,2.27
2018-04-14 16:30:00,2.96
2018-04-21 16:30:00,3.11
2018-04-28 16:30:00,2.62
2018-05-05 16:30:00,1.74
2018-05-12 16:30:00,2.61
2018-05-19 16:30:00,3.44
2018-05-26 16:30:00,4.27
2018-06-02 16:30:00,4.43
2018-06-09 16:30:00,3.63
2018-06-16 16:30:00,4.73
2018-06-23 16:30:00,4.84
2018-06-30 16:30:00,3.55
2018-07-07 16:30:00,4.77
2018-07-14 16:30:00,5.16
2018-07-21 16:30:00,5.44
2018-07-28 16:30:00,5.76
2018-08-04 16:30:00,5.29
2018-08-11 16:30:00,5.56
2018-08-18 16:30:00,5.69
2018-08-25 16:30:00,6.59
2018-09-01 16:30:00,6.87
2018-09-08 16:30:00,6.86
2018-09-15 16:30:00,7.19
2018-09-22 16:30:00,6.14
2018-09-29 16:30:00,4.61
2018-10-06 16:30:00,4.72
2018-10-13 15:30:00,4.78
2018-10-20 15:30:00,4.25
2018-10-27 15:30:00,3.79
2018-11-03 14:30:00,2.59
2018-11-10 14:30:00,2.55
2018-11-17 14:30:00,2.44
2018-11-24 14:30:00,1.76
2018-12-01 14:30:00,2.61
2018-12-08 14:30:00,2.09
2018-12-15 14:30:00,2.27
2018-12-22 14:30:00,1.5
2018-12-29 14:30:00,1.77
2019-01-05 14:30:00,2.54
2019-01-12 14:30:00,1.55
2019-01-19 14:30:00,2.21
2019-01-26 14:30:00,1.18
2019-02-02 14:30:00,1.47
2019-02-09 14:30:00,1.52
2019-02-16 14:30:00,1.41
2019-02-23 14:30:00,2.37
2019-03-02 14:30:00,2.48
2019-03-09 14:30:00,2.2
2019-03-16 14:30:00,2.45
2019-03-23 14:30:00,3.01
2019-03-30 14:30:00,3.75
2019-04-06 15:30:00,5.44
2019-04-13 16:30:00,6.6
2019-04-20 16:30:00,4.53
2019-04-27 16:30:00,6.47
2019-05-04 16:30:00,7.62
2019-05-11 16:30:00,7.98
2019-05-18 16:30:00,9.67
2019-05-25 16:30:00,12.03
2019-06-01 16:30:00,12.25
2019-06-08 16:30:00,12.96
2019-06-15 16:30:00,12.57
2019-06-22 16:30:00,11.18
2019-06-29 16:30:00,11.58
2019-07-06 16:30:00,11.55
2019-07-13 16:30:00,13.43
2019-07-20 16:30:00,11.42
2019-07-27 16:30:00,11.56
2019-08-03 16:30:00,10.34
2019-08-10 16:30:00,10.95
2019-08-17 16:30:00,12.06
2019-08-24 16:30:00,10.66
2019-08-31 16:30:00,9.32
2019-09-07 16:30:00,9.54
2019-09-14 16:30:00,6.48
2019-09-21 16:30:00,6.18
2019-09-28 16:30:00,4.56
2019-10-05 16:30:00,4.33
2019-10-12 15:30:00,2.33
2019-10-19 15:30:00,2.55
2019-10-26 15:30:00,1.77
2019-11-02 14:30:00,1.66
2019-11-09 14:30:00,1.85
2019-11-16 14:30:00,1.65
2019-11-23 14:30:00,1.71
2019-11-30 14:30:00,1.74
2019-12-07 14:30:00,1.67
2019-12-14 14:30:00,1.44
2019-12-21 14:30:00,0.93
2019-12-28 14:30:00,0.83
2020-01-04 14:30:00,1.79
2020-01-11 14:30:00,1.3
2020-01-18 14:30:00,0.98
2020-01-25 14:30:00,1.61
2020-02-01 14:30:00,2.18
2020-02-08 14:30:00,2.02
2020-02-15 14:30:00,1.31
2020-02-22 14:30:00,1.79
2020-02-29 14:30:00,1.55
2020-03-07 14:30:00,4.22
2020-03-14 14:30:00,4.16
2020-03-21 14:30:00,4.71
2020-03-28 14:30:00,3.29
2020-04-04 15:30:00,2.29
2020-04-11 16:30:00,1.5
2020-04-18 16:30:00,1.36
2020-04-25 16:30:00,0.95
2020-05-02 16:30:00,0.85
2020-05-09 16:30:00,1.25
2020-05-16 16:30:00,1.07
2020-05-23 16:30:00,1.25
2020-05-30 16:30:00,1.82
2020-06-06 16:30:00,2.01
2020-06-13 16:30:00,2.04
2020-06-20 16:30:00,3.42
2020-06-27 16:30:00,2.67
2020-07-04 16:30:00,1.4
2020-07-11 16:30:00,2.18
2020-07-18 16:30:00,2.3
2020-07-25 16:30:00,3.15
2020-08-01 16:30:00,2.66
2020-08-08 16:30:00,2.96
2020-08-15 16:30:00,1.97
2020-08-22 16:30:00,2.16
2020-08-29 16:30:00,1.87
2020-09-05 16:30:00,1.81
2020-09-12 16:30:00,1.25
2020-09-19 16:30:00,1.82
2020-09-26 16:30:00,0.7
2020-10-03 16:30:00,0.53
2020-10-10 15:30:00,1.43
2020-10-17 15:30:00,1.3
2020-10-24 15:30:00,1.37
2020-10-31 14:30:00,1.42
2020-11-07 14:30:00,0.95
2020-11-14 14:30:00,1.1
2020-11-21 14:30:00,1
2020-11-28 14:30:00,1.18
2020-12-05 14:30:00,0.5
2020-12-12 14:30:00,0.25
2020-12-19 14:30:00,0.31
2020-12-26 14:30:00,0.66
2021-01-02 14:30:00,1.11
2021-01-09 14:30:00,0.85
2021-01-16 14:30:00,0.73
2021-01-23 14:30:00,0.28
2021-01-30 14:30:00,0.77
2021-02-06 14:30:00,0.99
2021-02-13 14:30:00,1.19
2021-02-20 14:30:00,0.71
2021-02-27 14:30:00,0.99
2021-03-06 14:30:00,0.89
2021-03-13 14:30:00,1.09
2021-03-20 14:30:00,0.63
2021-03-27 14:30:00,0.62
2021-04-03 15:30:00,1.51
2021-04-10 16:30:00,1.23
2021-04-17 16:30:00,1.3
2021-04-24 16:30:00,1.06
2021-05-01 16:30:00,1.73
2021-05-08 16:30:00,0.74
2021-05-15 16:30:00,2.01
2021-05-22 16:30:00,1.9
2021-05-29 16:30:00,2.25
2021-06-05 16:30:00,1.78
2021-06-12 16:30:00,1.95
2021-06-19 16:30:00,2.3
2021-06-26 16:30:00,3.02
2021-07-03 16:30:00,1.73
2021-07-10 16:30:00,1.28
2021-07-17 16:30:00,1.75
2021-07-24 16:30:00,1.45
2021-07-31 16:30:00,1.15
2021-08-07 16:30:00,0.99
2021-08-14 16:30:00,0.93
2021-08-21 16:30:00,0.92
2021-08-28 16:30:00,0.73
2021-09-04 16:30:00,0.9
2021-09-11 16:30:00,0.88
2021-09-18 16:30:00,0.5
2021-09-25 16:30:00,0.67
2021-10-02 16:30:00,0.21
2021-10-09 15:30:00,0.34
2021-10-16 15:30:00,0.67
2021-10-23 15:30:00,0.65
2021-10-30 15:30:00,0.72
2021-11-06 14:30:00,0.47
2021-11-13 14:30:00,0.69
2021-11-20 14:30:00,1
2021-11-27 14:30:00,0.17
2021-12-04 14:30:00,0.47
2021-12-11 14:30:00,0.4
2021-12-18 14:30:00,0.53
2021-12-25 14:30:00,0.7
2022-01-01 14:30:00,0.33
2022-01-08 14:30:00,2.72
2022-01-15 14:30:00,0.75
2022-01-22 14:30:00,0.36
2022-01-29 14:30:00,0.5
2022-02-05 14:30:00,0.37
2022-02-12 14:30:00,0.37
2022-02-19 14:30:00,0.67
2022-02-26 14:30:00,0.5
2022-03-05 14:30:00,0.61
2022-03-12 14:30:00,0.53
2022-03-19 14:30:00,0.84
2022-03-26 14:30:00,1.21
2022-04-02 15:30:00,1.3
2022-04-09 16:30:00,0.85
2022-04-16 16:30:00,0.96
2022-04-23 16:30:00,2.37
2022-04-30 16:30:00,2.08
2022-05-07 16:30:00,3.01
2022-05-14 16:30:00,5.05
2022-05-21 16:30:00,7.27
2022-05-28 16:30:00,8.59
2022-06-04 16:30:00,9.63
2022-06-11 16:30:00,10.38
2022-06-18 16:30:00,10.49
2022-06-25 16:30:00,12.19
2022-07-02 16:30:00,8.1
2022-07-09 16:30:00,7.76
2022-07-16 16:30:00,7.33
2022-07-23 16:30:00,6.69
2022-07-30 16:30:00,5.38
2022-08-06 16:30:00,5.64
2022-08-13 16:30:00,4.2
2022-08-20 16:30:00,4.38
2022-08-27 16:30:00,4.51
2022-09-03 16:30:00,3.17
2022-09-10 16:30:00,2.77
2022-09-17 16:30:00,1.89
2022-09-24 16:30:00,2.68
2022-10-01 16:30:00,2.78
2022-10-08 15:30:00,2.1
